user_id,wallet,amount,recipient,timestamp,reference,status,risk_score,service_type,direction,fee,is_threat,suspicious_reason,device
"USR-CUST-88","01711-239481","200","01819-440129","2026-10-03T14:44:51.358Z","bill","COMPLETED","0","SEND_MONEY","OUT","0","","",""
"USR-CUST-88","01711-239481","100","01819-440129","2026-10-03T15:01:19.714Z","","COMPLETED","8","SEND_MONEY","OUT","0","","",""
"USR-CUST-91","01616-456789","100","01710-605442","2026-10-03T15:33:01.672Z","","COMPLETED","0","SEND_MONEY","OUT","0","","",""
"USR-CUST-91","01616-456789","200","01710-605442","2026-10-03T15:33:06.717Z","","COMPLETED","0","SEND_MONEY","OUT","0","","",""
"USR-CUST-91","01616-456789","900","01710-605442","2026-10-03T15:37:38.363Z","","COMPLETED","0","SEND_MONEY","OUT","0","","",""
"USR-CUST-91","01616-456789","900","01710-605442","2026-10-03T15:37:39.942Z","","COMPLETED","20","SEND_MONEY","OUT","0","","",""
"USR-CUST-91","01616-456789","900","01710-605442","2026-10-03T15:37:43.653Z","","COMPLETED","20","SEND_MONEY","OUT","0","","",""
"USR-CUST-91","01616-456789","900","01710-605442","2026-10-03T15:37:45.012Z","","COMPLETED","35","SEND_MONEY","OUT","0","","",""
"USR-ADM-01","+880 1712-401920","50000","Bank Transfer","2026-10-03T19:24:56.007Z","","COMPLETED","0","SEND_MONEY","OUT","0","","",""
"USR-ADM-02","+880 1812-402921","600","Grameenphone","2026-10-03T19:39:21.145Z","01717962506","COMPLETED","0","SEND_MONEY","OUT","0","","",""
"USR-ADM-02","+880 1812-402921","10000","Debit Card","2026-10-03T19:40:36.785Z","","COMPLETED","0","SEND_MONEY","OUT","0","","",""
"USR-CUST-91","01616-456789","2000","01710-605442","2026-10-03T20:04:04.097Z","","COMPLETED","23","SEND_MONEY","OUT","0","","",""
"USR-CUST-91","01616-456789","20000","01710-605442","2026-10-03T20:04:17.486Z","","PROCEEDED","55","SEND_MONEY","OUT","0","","",""
"USR-CUST-90","01919-345678","4200","01911-330812","2026-10-04T07:26:34.052Z","","COMPLETED","0","SEND_MONEY","OUT","0","","",""
"USR-CUST-90","01919-345678","114000","01911-330812","2026-10-04T07:26:43.752Z","","PROCEEDED","40","SEND_MONEY","OUT","0","","",""
"USR-CUST-90","01919-345678","200","01911-330812","2026-10-04T07:36:22.327Z","","COMPLETED","0","SEND_MONEY","OUT","0","","",""
"USR-CUST-90","01919-345678","50000000","Linked Bank Account","2026-10-04T07:36:41.752Z","","COMPLETED","0","ADD_MONEY","IN","0","","",""
"USR-CUST-90","01919-345678","4200","01911-330812","2026-10-04T08:27:25.222Z","","COMPLETED","0","SEND_MONEY","OUT","0","","",""
"USR-CUST-91","01616-456789","900","01710-605442","2026-10-04T08:33:15.683Z","","COMPLETED","15","SEND_MONEY","OUT","0","","",""
"USR-CUST-91","01616-456789","900","01710-605442","2026-10-04T08:33:18.504Z","","COMPLETED","15","SEND_MONEY","OUT","0","","",""
"USR-ADM-01","+880 1712-401920","500","Linked Bank Account","2026-10-04T12:41:29.115Z","","COMPLETED","0","ADD_MONEY","IN","0","","",""
"USR-CUST-88","01711-239481","10000","Debit Card","2026-10-05T20:24:31.848Z","","COMPLETED","0","ADD_MONEY","IN","0","","",""
"USR-ADM-02","+880 1812-402921","2000","Linked Bank Account","2026-10-06T10:10:53.492Z","","COMPLETED","0","ADD_MONEY","IN","0","","",""
"USR-CUST-88","01711-239481","1500","01819-440129","2026-10-06T12:43:04.449Z","","COMPLETED","20","SEND_MONEY","OUT","0","","",""
"USR-CUST-88","01711-239481","1500","01711-239481","2026-10-06T14:47:02.397Z","Transfer to Personal Secondary MFS","COMPLETED","25","SEND_MONEY","OUT","0","","",""
